                  epoch,         train/box_loss,         train/cls_loss,         train/dfl_loss,   metrics/precision(B),      metrics/recall(B),       metrics/mAP50(B),    metrics/mAP50-95(B),           val/box_loss,           val/cls_loss,           val/dfl_loss,                 lr/pg0,                 lr/pg1,                 lr/pg2
                      1,                0.91548,                 1.0235,                   1.31,                0.50326,                0.41701,                0.37651,                0.28991,                0.71361,                0.69947,                 1.1474,              0.0033318,              0.0033318,              0.0033318
                      2,                0.87101,                0.91331,                  1.271,                0.52815,                0.44835,                0.40398,                0.31297,                0.66322,                0.55331,                 1.1002,              0.0065332,              0.0065332,              0.0065332
                      3,                0.93147,                 0.9876,                 1.3083,                0.48698,                0.40967,                0.39276,                0.29154,                 0.7383,                0.67246,                 1.1668,              0.0096025,              0.0096025,              0.0096025
